timestamp,name,price
2025-05-28 12:02:42,Orient RA-AR0004S10B,980
2025-05-28 12:02:42,Orient RA-AR0005Y10B,980
2025-05-28 12:02:42,DJI mini 4k,1299
2025-05-28 10:25:40,Orient RA-AR0004S10B,980
2025-05-28 10:25:40,Orient RA-AR0005Y10B,980
2025-05-28 10:25:40,DJI mini 4k,1299
2025-05-28 10:29:19,Orient RA-AR0004S10B,980
2025-05-28 10:29:19,Orient RA-AR0005Y10B,980
2025-05-28 10:29:19,DJI mini 4k,1299
2025-05-28 10:48:44,Orient RA-AR0004S10B,1049
2025-05-28 10:48:44,Orient RA-AR0005Y10B,1049
2025-05-28 10:48:44,DJI mini 4k,1299
2025-05-28 11:00:07,Orient RA-AR0004S10B,1049
2025-05-28 11:00:07,Orient RA-AR0005Y10B,1049
2025-05-28 11:00:07,DJI mini 4k,1299
2025-05-28 11:24:07,Orient RA-AR0004S10B,1049
2025-05-28 11:24:07,Orient RA-AR0005Y10B,1049
2025-05-28 11:24:07,DJI mini 4k,1299
2025-05-28 11:39:52,Orient RA-AR0004S10B,1049
2025-05-28 11:39:52,Orient RA-AR0005Y10B,1049
2025-05-28 11:39:52,DJI mini 4k,1299
2025-05-28 11:50:57,Orient RA-AR0004S10B,1148
2025-05-28 11:50:57,Orient RA-AR0005Y10B,1078
2025-05-28 11:50:57,DJI mini 4k,1299
2025-05-28 12:47:05,Orient RA-AR0004S10B,1079
2025-05-28 12:47:05,Orient RA-AR0005Y10B,1078
2025-05-28 12:47:05,DJI mini 4k,1299
2025-05-28 13:23:53,Orient RA-AR0004S10B,1078
2025-05-28 13:23:53,Orient RA-AR0005Y10B,1078
2025-05-28 13:23:53,DJI mini 4k,1299
2025-05-28 13:49:08,Orient RA-AR0004S10B,1078
2025-05-28 13:49:08,Orient RA-AR0005Y10B,1078
2025-05-28 13:49:08,DJI mini 4k,1299
2025-05-28 14:00:51,Orient RA-AR0004S10B,1078
2025-05-28 14:00:51,Orient RA-AR0005Y10B,1078
2025-05-28 14:00:51,DJI mini 4k,1299
2025-05-28 14:35:43,Orient RA-AR0004S10B,1078
2025-05-28 14:35:43,Orient RA-AR0005Y10B,1078
2025-05-28 14:35:43,DJI mini 4k,1299
2025-05-28 14:53:00,Orient RA-AR0004S10B,1063
2025-05-28 14:53:00,Orient RA-AR0005Y10B,994
2025-05-28 14:53:00,DJI mini 4k,1299
2025-05-28 15:23:43,Orient RA-AR0004S10B,1063
2025-05-28 15:23:43,Orient RA-AR0005Y10B,994
2025-05-28 15:23:43,DJI mini 4k,1299
2025-05-28 15:44:12,Orient RA-AR0004S10B,1063
2025-05-28 15:44:12,Orient RA-AR0005Y10B,994
2025-05-28 15:44:12,DJI mini 4k,1299
2025-05-28 15:44:12,Seiko SNXS75,650
2025-05-28 15:44:12,G-shock GW-M5610U,398
2025-05-28 15:44:12,Orient Bambino,741
2025-05-28 15:57:15,Orient RA-AR0004S10B,1063
2025-05-28 15:57:15,Orient RA-AR0005Y10B,994
2025-05-28 15:57:15,DJI mini 4k,1299
2025-05-28 15:57:15,Seiko SNXS75,650
2025-05-28 15:57:15,G-shock GW-M5610U,398
2025-05-28 15:57:15,Orient Bambino,741
2025-05-28 16:32:36,Orient RA-AR0004S10B,1063
2025-05-28 16:32:36,Orient RA-AR0005Y10B,994
2025-05-28 16:32:36,DJI mini 4k,1299
2025-05-28 16:32:36,Seiko SNXS75,650
2025-05-28 16:32:36,G-shock GW-M5610U,398
2025-05-28 16:32:36,Orient Bambino,741
2025-05-28 16:54:22,Orient RA-AR0004S10B,1048
2025-05-28 16:54:22,Orient RA-AR0005Y10B,980
2025-05-28 16:54:22,DJI mini 4k,1299
2025-05-28 16:54:22,Seiko SNXS75,650
2025-05-28 16:54:22,G-shock GW-M5610U,398
2025-05-28 16:54:22,Orient Bambino,741
2025-05-28 17:19:57,Orient RA-AR0004S10B,1048
2025-05-28 17:19:57,Orient RA-AR0005Y10B,980
2025-05-28 17:19:57,DJI mini 4k,1299
2025-05-28 17:19:57,Seiko SNXS75,650
2025-05-28 17:19:57,G-shock GW-M5610U,398
2025-05-28 17:19:57,Orient Bambino,741
2025-05-28 17:38:48,Orient RA-AR0004S10B,1048
2025-05-28 17:38:48,Orient RA-AR0005Y10B,980
2025-05-28 17:38:48,DJI mini 4k,1299
2025-05-28 17:38:48,Seiko SNXS75,650
2025-05-28 17:38:48,G-shock GW-M5610U,398
2025-05-28 17:38:48,Orient Bambino,741
2025-05-28 17:50:20,Orient RA-AR0004S10B,1048
2025-05-28 17:50:20,Orient RA-AR0005Y10B,980
2025-05-28 17:50:20,DJI mini 4k,1299
2025-05-28 17:50:20,Seiko SNXS75,650
2025-05-28 17:50:20,G-shock GW-M5610U,398
2025-05-28 17:50:20,Orient Bambino,741
2025-05-28 18:14:12,Orient RA-AR0004S10B,1048
2025-05-28 18:14:12,Orient RA-AR0005Y10B,980
2025-05-28 18:14:12,DJI mini 4k,1299
2025-05-28 18:14:12,Seiko SNXS75,650
2025-05-28 18:14:12,G-shock GW-M5610U,398
2025-05-28 18:14:12,Orient Bambino,741
2025-05-28 18:44:04,Orient RA-AR0004S10B,1048
2025-05-28 18:44:04,Orient RA-AR0005Y10B,980
2025-05-28 18:44:04,DJI mini 4k,1299
2025-05-28 18:44:04,Seiko SNXS75,652
2025-05-28 18:44:04,G-shock GW-M5610U,398
2025-05-28 18:44:04,Orient Bambino,741
2025-05-28 18:57:09,Orient RA-AR0004S10B,1033
2025-05-28 18:57:09,Orient RA-AR0005Y10B,980
2025-05-28 18:57:09,DJI mini 4k,1299
2025-05-28 18:57:09,Seiko SNXS75,652
2025-05-28 18:57:09,G-shock GW-M5610U,398
2025-05-28 18:57:09,Orient Bambino,741
2025-05-28 19:21:37,Orient RA-AR0004S10B,1033
2025-05-28 19:21:37,Orient RA-AR0005Y10B,980
2025-05-28 19:21:37,DJI mini 4k,1299
2025-05-28 19:21:37,Seiko SNXS75,652
2025-05-28 19:21:37,G-shock GW-M5610U,398
2025-05-28 19:21:37,Orient Bambino,741
2025-05-28 19:38:37,Orient RA-AR0004S10B,1033
2025-05-28 19:38:37,Orient RA-AR0005Y10B,980
2025-05-28 19:38:37,DJI mini 4k,1299
2025-05-28 19:38:37,Seiko SNXS75,652
2025-05-28 19:38:37,G-shock GW-M5610U,398
2025-05-28 19:38:37,Orient Bambino,741
2025-05-28 19:50:19,Orient RA-AR0004S10B,1033
2025-05-28 19:50:19,Orient RA-AR0005Y10B,980
2025-05-28 19:50:19,DJI mini 4k,1299
2025-05-28 19:50:19,Seiko SNXS75,652
2025-05-28 19:50:19,G-shock GW-M5610U,398
2025-05-28 19:50:19,Orient Bambino,741
2025-05-28 20:12:15,Orient RA-AR0004S10B,1033
2025-05-28 20:12:15,Orient RA-AR0005Y10B,980
2025-05-28 20:12:15,DJI mini 4k,1299
2025-05-28 20:12:15,Seiko SNXS75,652
2025-05-28 20:12:15,G-shock GW-M5610U,398
2025-05-28 20:12:15,Orient Bambino,741
2025-05-28 20:37:25,Orient RA-AR0004S10B,1033
2025-05-28 20:37:25,Orient RA-AR0005Y10B,980
2025-05-28 20:37:25,DJI mini 4k,1299
2025-05-28 20:37:25,Seiko SNXS75,652
2025-05-28 20:37:25,G-shock GW-M5610U,398
2025-05-28 20:37:25,Orient Bambino,741
2025-05-28 20:50:50,Orient RA-AR0004S10B,1018
2025-05-28 20:50:50,Orient RA-AR0005Y10B,980
2025-05-28 20:50:50,DJI mini 4k,1299
2025-05-28 20:50:50,Seiko SNXS75,652
2025-05-28 20:50:50,G-shock GW-M5610U,398
2025-05-28 20:50:50,Orient Bambino,741
2025-05-28 21:20:45,Orient RA-AR0004S10B,1018
2025-05-28 21:20:45,Orient RA-AR0005Y10B,980
2025-05-28 21:20:45,DJI mini 4k,1299
2025-05-28 21:20:45,Seiko SNXS75,652
2025-05-28 21:20:45,G-shock GW-M5610U,398
2025-05-28 21:20:45,Orient Bambino,741
2025-05-28 21:39:56,Orient RA-AR0004S10B,1018
2025-05-28 21:39:56,Orient RA-AR0005Y10B,980
2025-05-28 21:39:56,DJI mini 4k,1299
2025-05-28 21:39:56,Seiko SNXS75,652
2025-05-28 21:39:56,G-shock GW-M5610U,398
2025-05-28 21:39:56,Orient Bambino,741
2025-05-28 21:51:34,Orient RA-AR0004S10B,1018
2025-05-28 21:51:34,Orient RA-AR0005Y10B,980
2025-05-28 21:51:34,DJI mini 4k,1299
2025-05-28 21:51:34,Seiko SNXS75,652
2025-05-28 21:51:34,G-shock GW-M5610U,398
2025-05-28 21:51:34,Orient Bambino,741
2025-05-28 22:21:07,Orient RA-AR0004S10B,1018
2025-05-28 22:21:07,Orient RA-AR0005Y10B,980
2025-05-28 22:21:07,DJI mini 4k,1299
2025-05-28 22:21:07,Seiko SNXS75,652
2025-05-28 22:21:07,G-shock GW-M5610U,398
2025-05-28 22:21:07,Orient Bambino,741
2025-05-28 22:43:20,Orient RA-AR0004S10B,1018
2025-05-28 22:43:20,Orient RA-AR0005Y10B,980
2025-05-28 22:43:20,DJI mini 4k,1299
2025-05-28 22:43:20,Seiko SNXS75,652
2025-05-28 22:43:20,G-shock GW-M5610U,398
2025-05-28 22:43:20,Orient Bambino,741
2025-05-28 22:57:09,Orient RA-AR0004S10B,1003
2025-05-28 22:57:09,Orient RA-AR0005Y10B,980
2025-05-28 22:57:09,DJI mini 4k,1299
2025-05-28 22:57:09,Seiko SNXS75,652
2025-05-28 22:57:09,G-shock GW-M5610U,398
2025-05-28 22:57:09,Orient Bambino,741
2025-05-28 23:24:48,Orient RA-AR0004S10B,988
2025-05-28 23:24:48,Orient RA-AR0005Y10B,980
2025-05-28 23:24:48,DJI mini 4k,1299
2025-05-28 23:24:48,Seiko SNXS75,652
2025-05-28 23:24:48,G-shock GW-M5610U,398
2025-05-28 23:24:48,Orient Bambino,741
2025-05-28 23:40:29,Orient RA-AR0004S10B,0
2025-05-28 23:40:29,Orient RA-AR0005Y10B,0
2025-05-28 23:40:29,DJI mini 4k,0
2025-05-28 23:40:29,Seiko SNXS75,0
2025-05-28 23:40:29,G-shock GW-M5610U,0
2025-05-28 23:40:29,Orient Bambino,741
2025-05-28 23:56:58,Orient RA-AR0004S10B,1208
2025-05-28 23:56:58,Orient RA-AR0005Y10B,981
2025-05-28 23:56:58,DJI mini 4k,1299
2025-05-28 23:56:58,Seiko SNXS75,652
2025-05-28 23:56:58,G-shock GW-M5610U,398
2025-05-28 23:56:58,Orient Bambino,741
2025-05-29 02:05:30,Orient RA-AR0004S10B,1208
2025-05-29 02:05:30,Orient RA-AR0005Y10B,980
2025-05-29 02:05:30,DJI mini 4k,1299
2025-05-29 02:05:30,Seiko SNXS75,599
2025-05-29 02:05:30,G-shock GW-M5610U,398
2025-05-29 02:05:30,Orient Bambino,741
2025-05-29 03:18:41,Orient RA-AR0004S10B,1208
2025-05-29 03:18:41,Orient RA-AR0005Y10B,980
2025-05-29 03:18:41,DJI mini 4k,1249
2025-05-29 03:18:41,Seiko SNXS75,599
2025-05-29 03:18:41,G-shock GW-M5610U,398
2025-05-29 03:18:41,Orient Bambino,740
2025-05-29 03:55:12,Orient RA-AR0004S10B,1208
2025-05-29 03:55:12,Orient RA-AR0005Y10B,980
2025-05-29 03:55:12,DJI mini 4k,1249
2025-05-29 03:55:12,Seiko SNXS75,599
2025-05-29 03:55:12,G-shock GW-M5610U,398
2025-05-29 03:55:12,Orient Bambino,740
2025-05-29 04:28:45,Orient RA-AR0004S10B,1208
2025-05-29 04:28:45,Orient RA-AR0005Y10B,980
2025-05-29 04:28:45,DJI mini 4k,1249
2025-05-29 04:28:45,Seiko SNXS75,599
2025-05-29 04:28:45,G-shock GW-M5610U,398
2025-05-29 04:28:45,Orient Bambino,740
2025-05-29 04:49:28,Orient RA-AR0004S10B,1205
2025-05-29 04:49:28,Orient RA-AR0005Y10B,980
2025-05-29 04:49:28,DJI mini 4k,1249
2025-05-29 04:49:28,Seiko SNXS75,599
2025-05-29 04:49:28,G-shock GW-M5610U,398
2025-05-29 04:49:28,Orient Bambino,740
2025-05-29 05:10:19,Orient RA-AR0004S10B,1201
2025-05-29 05:10:19,Orient RA-AR0005Y10B,980
2025-05-29 05:10:19,DJI mini 4k,1249
2025-05-29 05:10:19,Seiko SNXS75,599
2025-05-29 05:10:19,G-shock GW-M5610U,398
2025-05-29 05:10:19,Orient Bambino,740
2025-05-29 05:34:58,Orient RA-AR0004S10B,1197
2025-05-29 05:34:58,Orient RA-AR0005Y10B,980
2025-05-29 05:34:58,DJI mini 4k,1249
2025-05-29 05:34:58,Seiko SNXS75,599
2025-05-29 05:34:58,G-shock GW-M5610U,398
2025-05-29 05:34:58,Orient Bambino,740
2025-05-29 05:49:18,Orient RA-AR0004S10B,1197
2025-05-29 05:49:18,Orient RA-AR0005Y10B,980
2025-05-29 05:49:18,DJI mini 4k,1249
2025-05-29 05:49:18,Seiko SNXS75,599
2025-05-29 05:49:18,G-shock GW-M5610U,398
2025-05-29 05:49:18,Orient Bambino,740
2025-05-29 06:13:12,Orient RA-AR0004S10B,1193
2025-05-29 06:13:12,Orient RA-AR0005Y10B,980
2025-05-29 06:13:12,DJI mini 4k,1249
2025-05-29 06:13:12,Seiko SNXS75,599
2025-05-29 06:13:12,G-shock GW-M5610U,398
2025-05-29 06:13:12,Orient Bambino,740
2025-05-29 06:46:14,Orient RA-AR0004S10B,1188
2025-05-29 06:46:14,Orient RA-AR0005Y10B,980
2025-05-29 06:46:14,DJI mini 4k,1249
2025-05-29 06:46:14,Seiko SNXS75,599
2025-05-29 06:46:14,G-shock GW-M5610U,398
2025-05-29 06:46:14,Orient Bambino,740
2025-05-29 06:58:56,Orient RA-AR0004S10B,1188
2025-05-29 06:58:56,Orient RA-AR0005Y10B,980
2025-05-29 06:58:56,DJI mini 4k,1249
2025-05-29 06:58:56,Seiko SNXS75,599
2025-05-29 06:58:56,G-shock GW-M5610U,398
2025-05-29 06:58:56,Orient Bambino,740
2025-05-29 07:26:45,Orient RA-AR0004S10B,1200
2025-05-29 07:26:45,Orient RA-AR0005Y10B,980
2025-05-29 07:26:45,DJI mini 4k,1249
2025-05-29 07:26:45,Seiko SNXS75,599
2025-05-29 07:26:45,G-shock GW-M5610U,398
2025-05-29 07:26:45,Orient Bambino,740
2025-05-29 07:41:48,Orient RA-AR0004S10B,1206
2025-05-29 07:41:48,Orient RA-AR0005Y10B,980
2025-05-29 07:41:48,DJI mini 4k,1249
2025-05-29 07:41:48,Seiko SNXS75,599
2025-05-29 07:41:48,G-shock GW-M5610U,398
2025-05-29 07:41:48,Orient Bambino,740
2025-05-29 07:56:58,Orient RA-AR0004S10B,1208
2025-05-29 07:56:58,Orient RA-AR0005Y10B,980
2025-05-29 07:56:58,DJI mini 4k,1249
2025-05-29 07:56:58,Seiko SNXS75,599
2025-05-29 07:56:58,G-shock GW-M5610U,398
2025-05-29 07:56:58,Orient Bambino,740
2025-05-29 08:34:33,Orient RA-AR0004S10B,0
2025-05-29 08:34:33,Orient RA-AR0005Y10B,0
2025-05-29 08:34:33,DJI mini 4k,0
2025-05-29 08:34:33,Seiko SNXS75,0
2025-05-29 08:34:33,G-shock GW-M5610U,398
2025-05-29 08:34:33,Orient Bambino,740
2025-05-29 08:54:11,Orient RA-AR0004S10B,1208
2025-05-29 08:54:11,Orient RA-AR0005Y10B,980
2025-05-29 08:54:11,DJI mini 4k,1249
2025-05-29 08:54:11,Seiko SNXS75,599
2025-05-29 08:54:11,G-shock GW-M5610U,398
2025-05-29 08:54:11,Orient Bambino,740
2025-05-29 09:24:38,Orient RA-AR0004S10B,1208
2025-05-29 09:24:38,Orient RA-AR0005Y10B,980
2025-05-29 09:24:38,DJI mini 4k,1249
2025-05-29 09:24:38,Seiko SNXS75,599
2025-05-29 09:24:38,G-shock GW-M5610U,398
2025-05-29 09:24:38,Orient Bambino,740
2025-05-29 09:42:56,Orient RA-AR0004S10B,1208
2025-05-29 09:42:56,Orient RA-AR0005Y10B,980
2025-05-29 09:42:56,DJI mini 4k,1249
2025-05-29 09:42:56,Seiko SNXS75,599
2025-05-29 09:42:56,G-shock GW-M5610U,398
2025-05-29 09:42:56,Orient Bambino,741
2025-05-29 09:56:40,Orient RA-AR0004S10B,1208
2025-05-29 09:56:40,Orient RA-AR0005Y10B,980
2025-05-29 09:56:40,DJI mini 4k,1249
2025-05-29 09:56:40,Seiko SNXS75,599
2025-05-29 09:56:40,G-shock GW-M5610U,398
2025-05-29 09:56:40,Orient Bambino,741
2025-05-29 10:28:48,Orient RA-AR0004S10B,1208
2025-05-29 10:28:48,Orient RA-AR0005Y10B,980
2025-05-29 10:28:48,DJI mini 4k,1249
2025-05-29 10:28:48,Seiko SNXS75,599
2025-05-29 10:28:48,G-shock GW-M5610U,398
2025-05-29 10:28:48,Orient Bambino,741
2025-05-29 10:48:24,Orient RA-AR0004S10B,981
2025-05-29 10:48:24,Orient RA-AR0005Y10B,980
2025-05-29 10:48:24,DJI mini 4k,1249
2025-05-29 10:48:24,Seiko SNXS75,599
2025-05-29 10:48:24,G-shock GW-M5610U,398
2025-05-29 10:48:24,Orient Bambino,741
2025-05-29 11:00:08,Orient RA-AR0004S10B,1050
2025-05-29 11:00:08,Orient RA-AR0005Y10B,1049
2025-05-29 11:00:08,DJI mini 4k,1249
2025-05-29 11:00:08,Seiko SNXS75,599
2025-05-29 11:00:08,G-shock GW-M5610U,398
2025-05-29 11:00:08,Orient Bambino,741
2025-05-29 11:23:43,Orient RA-AR0004S10B,1050
2025-05-29 11:23:43,Orient RA-AR0005Y10B,1049
2025-05-29 11:23:43,DJI mini 4k,1249
2025-05-29 11:23:43,Seiko SNXS75,599
2025-05-29 11:23:43,G-shock GW-M5610U,398
2025-05-29 11:23:43,Orient Bambino,741
2025-05-29 11:39:33,Orient RA-AR0004S10B,1050
2025-05-29 11:39:33,Orient RA-AR0005Y10B,1049
2025-05-29 11:39:33,DJI mini 4k,1249
2025-05-29 11:39:33,Seiko SNXS75,599
2025-05-29 11:39:33,G-shock GW-M5610U,398
2025-05-29 11:39:33,Orient Bambino,741
2025-05-29 11:51:11,Orient RA-AR0004S10B,1050
2025-05-29 11:51:11,Orient RA-AR0005Y10B,1049
2025-05-29 11:51:11,DJI mini 4k,1249
2025-05-29 11:51:11,Seiko SNXS75,599
2025-05-29 11:51:11,G-shock GW-M5610U,398
2025-05-29 11:51:11,Orient Bambino,741
2025-05-29 12:45:14,Orient RA-AR0004S10B,1079
2025-05-29 12:45:14,Orient RA-AR0005Y10B,1049
2025-05-29 12:45:14,DJI mini 4k,1249
2025-05-29 12:45:14,Seiko SNXS75,599
2025-05-29 12:45:14,G-shock GW-M5610U,398
2025-05-29 12:45:14,Orient Bambino,741
2025-05-29 13:21:34,Orient RA-AR0004S10B,1057
2025-05-29 13:21:34,Orient RA-AR0005Y10B,980
2025-05-29 13:21:34,DJI mini 4k,1249
2025-05-29 13:21:34,Seiko SNXS75,599
2025-05-29 13:21:34,G-shock GW-M5610U,398
2025-05-29 13:21:34,Orient Bambino,741
2025-05-29 13:46:37,Orient RA-AR0004S10B,1035
2025-05-29 13:46:37,Orient RA-AR0005Y10B,980
2025-05-29 13:46:37,DJI mini 4k,1249
2025-05-29 13:46:37,Seiko SNXS75,599
2025-05-29 13:46:37,G-shock GW-M5610U,398
2025-05-29 13:46:37,Orient Bambino,741
2025-05-29 13:58:13,Orient RA-AR0004S10B,1024
2025-05-29 13:58:13,Orient RA-AR0005Y10B,995
2025-05-29 13:58:13,DJI mini 4k,1249
2025-05-29 13:58:13,Seiko SNXS75,599
2025-05-29 13:58:13,G-shock GW-M5610U,398
2025-05-29 13:58:13,Orient Bambino,741
2025-05-29 14:27:24,Orient RA-AR0004S10B,1002
2025-05-29 14:27:24,Orient RA-AR0005Y10B,1050
2025-05-29 14:27:24,DJI mini 4k,1249
2025-05-29 14:27:24,Seiko SNXS75,599
2025-05-29 14:27:24,G-shock GW-M5610U,398
2025-05-29 14:27:24,Orient Bambino,741
2025-05-29 14:46:13,Orient RA-AR0004S10B,991
2025-05-29 14:46:13,Orient RA-AR0005Y10B,1050
2025-05-29 14:46:13,DJI mini 4k,1249
2025-05-29 14:46:13,Seiko SNXS75,599
2025-05-29 14:46:13,G-shock GW-M5610U,398
2025-05-29 14:46:13,Orient Bambino,741
2025-05-29 14:57:52,Orient RA-AR0004S10B,980
2025-05-29 14:57:52,Orient RA-AR0005Y10B,1068
2025-05-29 14:57:52,DJI mini 4k,1249
2025-05-29 14:57:52,Seiko SNXS75,599
2025-05-29 14:57:52,G-shock GW-M5610U,398
2025-05-29 14:57:52,Orient Bambino,741
2025-05-29 15:28:20,Orient RA-AR0004S10B,980
2025-05-29 15:28:20,Orient RA-AR0005Y10B,984
2025-05-29 15:28:20,DJI mini 4k,1249
2025-05-29 15:28:20,Seiko SNXS75,599
2025-05-29 15:28:20,G-shock GW-M5610U,398
2025-05-29 15:28:20,Orient Bambino,740
2025-05-29 15:44:47,Orient RA-AR0004S10B,980
2025-05-29 15:44:47,Orient RA-AR0005Y10B,984
2025-05-29 15:44:47,DJI mini 4k,1249
2025-05-29 15:44:47,Seiko SNXS75,599
2025-05-29 15:44:47,G-shock GW-M5610U,398
2025-05-29 15:44:47,Orient Bambino,740
2025-05-29 15:56:47,Orient RA-AR0004S10B,980
2025-05-29 15:56:47,Orient RA-AR0005Y10B,984
2025-05-29 15:56:47,DJI mini 4k,1249
2025-05-29 15:56:47,Seiko SNXS75,599
2025-05-29 15:56:47,G-shock GW-M5610U,398
2025-05-29 15:56:47,Orient Bambino,740
2025-05-29 16:32:17,Orient RA-AR0004S10B,980
2025-05-29 16:32:17,Orient RA-AR0005Y10B,1053
2025-05-29 16:32:17,DJI mini 4k,1249
2025-05-29 16:32:17,Seiko SNXS75,599
2025-05-29 16:32:17,G-shock GW-M5610U,398
2025-05-29 16:32:17,Orient Bambino,740
2025-05-29 16:55:11,Orient RA-AR0004S10B,980
2025-05-29 16:55:11,Orient RA-AR0005Y10B,1053
2025-05-29 16:55:11,DJI mini 4k,1249
2025-05-29 16:55:11,Seiko SNXS75,599
2025-05-29 16:55:11,G-shock GW-M5610U,398
2025-05-29 16:55:11,Orient Bambino,740
2025-05-29 17:20:27,Orient RA-AR0004S10B,980
2025-05-29 17:20:27,Orient RA-AR0005Y10B,980
2025-05-29 17:20:27,DJI mini 4k,1249
2025-05-29 17:20:27,Seiko SNXS75,599
2025-05-29 17:20:27,G-shock GW-M5610U,398
2025-05-29 17:20:27,Orient Bambino,740
2025-05-29 17:42:32,Orient RA-AR0004S10B,980
2025-05-29 17:42:32,Orient RA-AR0005Y10B,980
2025-05-29 17:42:32,DJI mini 4k,1249
2025-05-29 17:42:32,Seiko SNXS75,599
2025-05-29 17:42:32,G-shock GW-M5610U,398
2025-05-29 17:42:32,Orient Bambino,740
2025-05-29 17:56:59,Orient RA-AR0004S10B,980
2025-05-29 17:56:59,Orient RA-AR0005Y10B,980
2025-05-29 17:56:59,DJI mini 4k,1249
2025-05-29 17:56:59,Seiko SNXS75,599
2025-05-29 17:56:59,G-shock GW-M5610U,398
2025-05-29 17:56:59,Orient Bambino,740
2025-05-29 18:36:41,Orient RA-AR0004S10B,1053
2025-05-29 18:36:41,Orient RA-AR0005Y10B,1050
2025-05-29 18:36:41,DJI mini 4k,1249
2025-05-29 18:36:41,Seiko SNXS75,599
2025-05-29 18:36:41,G-shock GW-M5610U,398
2025-05-29 18:36:41,Orient Bambino,740
2025-05-29 18:54:17,Orient RA-AR0004S10B,1053
2025-05-29 18:54:17,Orient RA-AR0005Y10B,1050
2025-05-29 18:54:17,DJI mini 4k,1249
2025-05-29 18:54:17,Seiko SNXS75,599
2025-05-29 18:54:17,G-shock GW-M5610U,398
2025-05-29 18:54:17,Orient Bambino,740
2025-05-29 19:15:52,Orient RA-AR0004S10B,980
2025-05-29 19:15:52,Orient RA-AR0005Y10B,1050
2025-05-29 19:15:52,DJI mini 4k,1249
2025-05-29 19:15:52,Seiko SNXS75,599
2025-05-29 19:15:52,G-shock GW-M5610U,398
2025-05-29 19:15:52,Orient Bambino,740
2025-05-29 19:29:08,Orient RA-AR0004S10B,980
2025-05-29 19:29:08,Orient RA-AR0005Y10B,1050
2025-05-29 19:29:08,DJI mini 4k,1249
2025-05-29 19:29:08,Seiko SNXS75,599
2025-05-29 19:29:08,G-shock GW-M5610U,398
2025-05-29 19:29:08,Orient Bambino,740
2025-05-29 19:41:52,Orient RA-AR0004S10B,980
2025-05-29 19:41:52,Orient RA-AR0005Y10B,1050
2025-05-29 19:41:52,DJI mini 4k,1249
2025-05-29 19:41:52,Seiko SNXS75,599
2025-05-29 19:41:52,G-shock GW-M5610U,398
2025-05-29 19:41:52,Orient Bambino,740
2025-05-29 19:56:42,Orient RA-AR0004S10B,980
2025-05-29 19:56:42,Orient RA-AR0005Y10B,1050
2025-05-29 19:56:42,DJI mini 4k,1249
2025-05-29 19:56:42,Seiko SNXS75,599
2025-05-29 19:56:42,G-shock GW-M5610U,398
2025-05-29 19:56:42,Orient Bambino,740
2025-05-29 20:28:23,Orient RA-AR0004S10B,980
2025-05-29 20:28:23,Orient RA-AR0005Y10B,1050
2025-05-29 20:28:23,DJI mini 4k,1249
2025-05-29 20:28:23,Seiko SNXS75,599
2025-05-29 20:28:23,G-shock GW-M5610U,398
2025-05-29 20:28:23,Orient Bambino,740
2025-05-29 20:45:12,Orient RA-AR0004S10B,980
2025-05-29 20:45:12,Orient RA-AR0005Y10B,1050
2025-05-29 20:45:12,DJI mini 4k,1249
2025-05-29 20:45:12,Seiko SNXS75,599
2025-05-29 20:45:12,G-shock GW-M5610U,398
2025-05-29 20:45:12,Orient Bambino,740
2025-05-29 20:57:03,Orient RA-AR0004S10B,980
2025-05-29 20:57:03,Orient RA-AR0005Y10B,1050
2025-05-29 20:57:03,DJI mini 4k,1249
2025-05-29 20:57:03,Seiko SNXS75,599
2025-05-29 20:57:03,G-shock GW-M5610U,398
2025-05-29 20:57:03,Orient Bambino,740
2025-05-29 21:24:34,Orient RA-AR0004S10B,980
2025-05-29 21:24:34,Orient RA-AR0005Y10B,1050
2025-05-29 21:24:34,DJI mini 4k,1249
2025-05-29 21:24:34,Seiko SNXS75,599
2025-05-29 21:24:34,G-shock GW-M5610U,398
2025-05-29 21:24:34,Orient Bambino,740
2025-05-29 21:39:59,Orient RA-AR0004S10B,980
2025-05-29 21:39:59,Orient RA-AR0005Y10B,1050
2025-05-29 21:39:59,DJI mini 4k,1249
2025-05-29 21:39:59,Seiko SNXS75,599
2025-05-29 21:39:59,G-shock GW-M5610U,398
2025-05-29 21:39:59,Orient Bambino,740
2025-05-29 21:51:35,Orient RA-AR0004S10B,980
2025-05-29 21:51:35,Orient RA-AR0005Y10B,1050
2025-05-29 21:51:35,DJI mini 4k,1249
2025-05-29 21:51:35,Seiko SNXS75,599
2025-05-29 21:51:35,G-shock GW-M5610U,398
2025-05-29 21:51:35,Orient Bambino,740
2025-05-29 22:21:11,Orient RA-AR0004S10B,980
2025-05-29 22:21:11,Orient RA-AR0005Y10B,1050
2025-05-29 22:21:11,DJI mini 4k,1249
2025-05-29 22:21:11,Seiko SNXS75,599
2025-05-29 22:21:11,G-shock GW-M5610U,398
2025-05-29 22:21:11,Orient Bambino,740
2025-05-29 22:44:06,Orient RA-AR0004S10B,980
2025-05-29 22:44:06,Orient RA-AR0005Y10B,1050
2025-05-29 22:44:06,DJI mini 4k,1249
2025-05-29 22:44:06,Seiko SNXS75,599
2025-05-29 22:44:06,G-shock GW-M5610U,398
2025-05-29 22:44:06,Orient Bambino,740
2025-05-29 22:56:57,Orient RA-AR0004S10B,980
2025-05-29 22:56:57,Orient RA-AR0005Y10B,1050
2025-05-29 22:56:57,DJI mini 4k,1249
2025-05-29 22:56:57,Seiko SNXS75,599
2025-05-29 22:56:57,G-shock GW-M5610U,398
2025-05-29 22:56:57,Orient Bambino,740
2025-05-29 23:24:22,Orient RA-AR0004S10B,980
2025-05-29 23:24:22,Orient RA-AR0005Y10B,1050
2025-05-29 23:24:22,DJI mini 4k,1249
2025-05-29 23:24:22,Seiko SNXS75,599
2025-05-29 23:24:22,G-shock GW-M5610U,398
2025-05-29 23:24:22,Orient Bambino,740
2025-05-29 23:40:20,Orient RA-AR0004S10B,980
2025-05-29 23:40:20,Orient RA-AR0005Y10B,1050
2025-05-29 23:40:20,DJI mini 4k,1249
2025-05-29 23:40:20,Seiko SNXS75,599
2025-05-29 23:40:20,G-shock GW-M5610U,398
2025-05-29 23:40:20,Orient Bambino,740
2025-05-29 23:51:48,Orient RA-AR0004S10B,980
2025-05-29 23:51:48,Orient RA-AR0005Y10B,1050
2025-05-29 23:51:48,DJI mini 4k,1249
2025-05-29 23:51:48,Seiko SNXS75,599
2025-05-29 23:51:48,G-shock GW-M5610U,398
2025-05-29 23:51:48,Orient Bambino,740
2025-05-30 01:48:32,Orient RA-AR0004S10B,1048
2025-05-30 01:48:32,Orient RA-AR0005Y10B,1048
2025-05-30 01:48:32,DJI mini 4k,1249
2025-05-30 01:48:32,Seiko SNXS75,599
2025-05-30 01:48:32,G-shock GW-M5610U,397
2025-05-30 01:48:32,Orient Bambino,739
2025-05-30 03:05:28,Orient RA-AR0005Y10B,1048
2025-05-30 03:05:28,DJI mini 4k,1249
2025-05-30 03:05:28,Seiko SNXS75,599
2025-05-30 03:05:28,G-shock GW-M5610U,397
2025-05-30 03:05:28,Orient Bambino,739
2025-05-30 03:49:40,Orient RA-AR0004S10B,1048
2025-05-30 03:49:40,Orient RA-AR0005Y10B,1048
2025-05-30 03:49:40,DJI mini 4k,1249
2025-05-30 03:49:40,Seiko SNXS75,599
2025-05-30 03:49:40,G-shock GW-M5610U,397
2025-05-30 03:49:40,Orient Bambino,739
2025-05-30 04:14:02,Orient RA-AR0004S10B,1048
2025-05-30 04:14:02,Orient RA-AR0005Y10B,1048
2025-05-30 04:14:02,DJI mini 4k,1249
2025-05-30 04:14:02,Seiko SNXS75,599
2025-05-30 04:14:02,G-shock GW-M5610U,397
2025-05-30 04:14:02,Orient Bambino,739
2025-05-30 04:42:16,G-shock GW-M5610U,397
2025-05-30 04:42:16,Orient Bambino,739
2025-05-30 04:56:59,Orient RA-AR0004S10B,1048
2025-05-30 04:56:59,Orient RA-AR0005Y10B,1048
2025-05-30 04:56:59,DJI mini 4k,1249
2025-05-30 04:56:59,Seiko SNXS75,599
2025-05-30 04:56:59,G-shock GW-M5610U,397
2025-05-30 04:56:59,Orient Bambino,739
2025-05-30 05:26:26,Orient RA-AR0004S10B,1048
2025-05-30 05:26:26,Orient RA-AR0005Y10B,1048
2025-05-30 05:26:26,DJI mini 4k,1249
2025-05-30 05:26:26,Seiko SNXS75,599
2025-05-30 05:26:26,G-shock GW-M5610U,397
2025-05-30 05:26:26,Orient Bambino,739
2025-05-30 05:45:21,Orient RA-AR0004S10B,1048
2025-05-30 05:45:21,Orient RA-AR0005Y10B,1048
2025-05-30 05:45:21,DJI mini 4k,1249
2025-05-30 05:45:21,Seiko SNXS75,599
2025-05-30 05:45:21,G-shock GW-M5610U,397
2025-05-30 05:45:21,Orient Bambino,739
2025-05-30 05:57:04,Orient RA-AR0004S10B,1048
2025-05-30 05:57:04,Orient RA-AR0005Y10B,1048
2025-05-30 05:57:04,DJI mini 4k,1249
2025-05-30 05:57:04,Seiko SNXS75,599
2025-05-30 05:57:04,G-shock GW-M5610U,397
2025-05-30 05:57:04,Orient Bambino,739
2025-05-30 06:36:38,Orient RA-AR0004S10B,1048
2025-05-30 06:36:38,Orient RA-AR0005Y10B,1048
2025-05-30 06:36:38,DJI mini 4k,1249
2025-05-30 06:36:38,Seiko SNXS75,599
2025-05-30 06:36:38,G-shock GW-M5610U,397
2025-05-30 06:36:38,Orient Bambino,739
2025-05-30 06:55:10,Orient RA-AR0004S10B,1048
2025-05-30 06:55:10,Orient RA-AR0005Y10B,1048
2025-05-30 06:55:10,DJI mini 4k,1249
2025-05-30 06:55:10,Seiko SNXS75,599
2025-05-30 06:55:10,G-shock GW-M5610U,397
2025-05-30 06:55:10,Orient Bambino,739
2025-05-30 07:21:33,Orient RA-AR0004S10B,1048
2025-05-30 07:21:33,Orient RA-AR0005Y10B,1048
2025-05-30 07:21:33,DJI mini 4k,1249
2025-05-30 07:21:33,Seiko SNXS75,599
2025-05-30 07:21:33,G-shock GW-M5610U,397
2025-05-30 07:21:33,Orient Bambino,739
2025-05-30 07:40:08,Orient RA-AR0004S10B,1048
2025-05-30 07:40:08,Orient RA-AR0005Y10B,1048
2025-05-30 07:40:08,DJI mini 4k,1249
2025-05-30 07:40:08,Seiko SNXS75,599
2025-05-30 07:40:08,G-shock GW-M5610U,397
2025-05-30 07:40:08,Orient Bambino,739
2025-05-30 07:52:02,Orient RA-AR0004S10B,1048
2025-05-30 07:52:02,Orient RA-AR0005Y10B,1048
2025-05-30 07:52:02,DJI mini 4k,1249
2025-05-30 07:52:02,Seiko SNXS75,599
2025-05-30 07:52:02,G-shock GW-M5610U,397
2025-05-30 07:52:02,Orient Bambino,739
2025-05-30 08:29:41,Orient RA-AR0004S10B,1076
2025-05-30 08:29:41,Orient RA-AR0005Y10B,1048
2025-05-30 08:29:41,DJI mini 4k,1249
2025-05-30 08:29:41,Seiko SNXS75,599
2025-05-30 08:29:41,G-shock GW-M5610U,397
2025-05-30 08:29:41,Orient Bambino,739
2025-05-30 08:51:23,Orient RA-AR0004S10B,1146
2025-05-30 08:51:23,Orient RA-AR0005Y10B,1048
2025-05-30 08:51:23,DJI mini 4k,1249
2025-05-30 08:51:23,Seiko SNXS75,599
2025-05-30 08:51:23,G-shock GW-M5610U,397
2025-05-30 08:51:23,Orient Bambino,739
2025-05-30 09:24:00,Orient RA-AR0004S10B,1146
2025-05-30 09:24:00,Orient RA-AR0005Y10B,1077
2025-05-30 09:24:00,DJI mini 4k,1249
2025-05-30 09:24:00,Seiko SNXS75,599
2025-05-30 09:24:00,G-shock GW-M5610U,397
2025-05-30 09:24:00,Orient Bambino,739
2025-05-30 09:42:31,Orient RA-AR0004S10B,1047
2025-05-30 09:42:31,Orient RA-AR0005Y10B,1077
2025-05-30 09:42:31,DJI mini 4k,1249
2025-05-30 09:42:31,Seiko SNXS75,599
2025-05-30 09:42:31,G-shock GW-M5610U,397
2025-05-30 09:42:31,Orient Bambino,739
2025-05-30 09:57:04,Orient RA-AR0004S10B,1033
2025-05-30 09:57:04,Orient RA-AR0005Y10B,1077
2025-05-30 09:57:04,DJI mini 4k,1249
2025-05-30 09:57:04,Seiko SNXS75,599
2025-05-30 09:57:04,G-shock GW-M5610U,397
2025-05-30 09:57:04,Orient Bambino,739
2025-05-30 10:28:25,Orient RA-AR0004S10B,1004
2025-05-30 10:28:25,Orient RA-AR0005Y10B,1077
2025-05-30 10:28:25,DJI mini 4k,1249
2025-05-30 10:28:25,Seiko SNXS75,599
2025-05-30 10:28:25,G-shock GW-M5610U,397
2025-05-30 10:28:25,Orient Bambino,739
2025-05-30 10:46:39,Orient RA-AR0004S10B,1073
2025-05-30 10:46:39,Orient RA-AR0005Y10B,1077
2025-05-30 10:46:39,DJI mini 4k,1249
2025-05-30 10:46:39,Seiko SNXS75,599
2025-05-30 10:46:39,G-shock GW-M5610U,397
2025-05-30 10:46:39,Orient Bambino,739
2025-05-30 10:58:47,Orient RA-AR0004S10B,978
2025-05-30 10:58:47,Orient RA-AR0005Y10B,1077
2025-05-30 10:58:47,DJI mini 4k,1249
2025-05-30 10:58:47,Seiko SNXS75,599
2025-05-30 10:58:47,G-shock GW-M5610U,397
2025-05-30 10:58:47,Orient Bambino,739
2025-05-30 11:22:16,Orient RA-AR0004S10B,1206
2025-05-30 11:22:16,Orient RA-AR0005Y10B,1077
2025-05-30 11:22:16,DJI mini 4k,1249
2025-05-30 11:22:16,Seiko SNXS75,599
2025-05-30 11:22:16,G-shock GW-M5610U,397
2025-05-30 11:22:16,Orient Bambino,739
2025-05-30 11:39:06,Orient RA-AR0004S10B,1206
2025-05-30 11:39:06,Orient RA-AR0005Y10B,1077
2025-05-30 11:39:06,DJI mini 4k,1249
2025-05-30 11:39:06,Seiko SNXS75,599
2025-05-30 11:39:06,G-shock GW-M5610U,397
2025-05-30 11:39:06,Orient Bambino,739
2025-05-30 11:50:18,Orient RA-AR0004S10B,1206
2025-05-30 11:50:18,Orient RA-AR0005Y10B,1077
2025-05-30 11:50:18,DJI mini 4k,1249
2025-05-30 11:50:18,Seiko SNXS75,599
2025-05-30 11:50:18,G-shock GW-M5610U,397
2025-05-30 11:50:18,Orient Bambino,739
2025-05-30 12:20:18,Orient RA-AR0004S10B,1206
2025-05-30 12:20:18,Orient RA-AR0005Y10B,1077
2025-05-30 12:20:18,DJI mini 4k,1249
2025-05-30 12:20:18,Seiko SNXS75,599
2025-05-30 12:20:18,G-shock GW-M5610U,397
2025-05-30 12:20:18,Orient Bambino,739
2025-05-30 13:04:01,Orient RA-AR0004S10B,1206
2025-05-30 13:04:01,Orient RA-AR0005Y10B,1077
2025-05-30 13:04:01,DJI mini 4k,1249
2025-05-30 13:04:01,Seiko SNXS75,599
2025-05-30 13:04:01,G-shock GW-M5610U,397
2025-05-30 13:04:01,Orient Bambino,739
2025-05-30 13:38:59,Orient RA-AR0004S10B,1206
2025-05-30 13:38:59,Orient RA-AR0005Y10B,1077
2025-05-30 13:38:59,DJI mini 4k,1249
2025-05-30 13:38:59,Seiko SNXS75,599
2025-05-30 13:38:59,G-shock GW-M5610U,397
2025-05-30 13:38:59,Orient Bambino,739
2025-05-30 13:52:18,Orient RA-AR0004S10B,1206
2025-05-30 13:52:18,Orient RA-AR0005Y10B,1077
2025-05-30 13:52:18,DJI mini 4k,1249
2025-05-30 13:52:18,Seiko SNXS75,599
2025-05-30 13:52:18,G-shock GW-M5610U,397
2025-05-30 13:52:18,Orient Bambino,739
2025-05-30 14:22:19,Orient RA-AR0004S10B,1206
2025-05-30 14:22:19,Orient RA-AR0005Y10B,1077
2025-05-30 14:22:19,DJI mini 4k,1249
2025-05-30 14:22:19,Seiko SNXS75,599
2025-05-30 14:22:19,G-shock GW-M5610U,397
2025-05-30 14:22:19,Orient Bambino,739
2025-05-30 14:44:44,Orient RA-AR0004S10B,1206
2025-05-30 14:44:44,Orient RA-AR0005Y10B,1077
2025-05-30 14:44:44,DJI mini 4k,1249
2025-05-30 14:44:44,Seiko SNXS75,599
2025-05-30 14:44:44,G-shock GW-M5610U,397
2025-05-30 14:44:44,Orient Bambino,739
2025-05-30 14:57:05,Orient RA-AR0004S10B,1206
2025-05-30 14:57:05,Orient RA-AR0005Y10B,1077
2025-05-30 14:57:05,DJI mini 4k,1249
2025-05-30 14:57:05,Seiko SNXS75,599
2025-05-30 14:57:05,G-shock GW-M5610U,397
2025-05-30 14:57:05,Orient Bambino,739
2025-05-30 15:27:43,Orient RA-AR0004S10B,1206
2025-05-30 15:27:43,Orient RA-AR0005Y10B,1077
2025-05-30 15:27:43,DJI mini 4k,1249
2025-05-30 15:27:43,Seiko SNXS75,599
2025-05-30 15:27:43,G-shock GW-M5610U,397
2025-05-30 15:27:43,Orient Bambino,739
2025-05-30 15:43:47,Orient RA-AR0004S10B,1206
2025-05-30 15:43:47,Orient RA-AR0005Y10B,1077
2025-05-30 15:43:47,DJI mini 4k,1249
2025-05-30 15:43:47,Seiko SNXS75,599
2025-05-30 15:43:47,G-shock GW-M5610U,397
2025-05-30 15:43:47,Orient Bambino,739
2025-05-30 15:57:12,Orient RA-AR0004S10B,1206
2025-05-30 15:57:12,Orient RA-AR0005Y10B,1077
2025-05-30 15:57:12,DJI mini 4k,1249
2025-05-30 15:57:12,Seiko SNXS75,599
2025-05-30 15:57:12,G-shock GW-M5610U,397
2025-05-30 15:57:12,Orient Bambino,739
2025-05-30 16:33:01,Orient RA-AR0004S10B,1206
2025-05-30 16:33:01,Orient RA-AR0005Y10B,1077
2025-05-30 16:33:01,DJI mini 4k,1249
2025-05-30 16:33:01,Seiko SNXS75,599
2025-05-30 16:33:01,G-shock GW-M5610U,397
2025-05-30 16:33:01,Orient Bambino,739
2025-05-30 16:52:55,Orient RA-AR0004S10B,1206
2025-05-30 16:52:55,Orient RA-AR0005Y10B,1077
2025-05-30 16:52:55,DJI mini 4k,1249
2025-05-30 16:52:55,Seiko SNXS75,599
2025-05-30 16:52:55,G-shock GW-M5610U,397
2025-05-30 16:52:55,Orient Bambino,739
2025-05-30 17:22:11,Orient RA-AR0004S10B,1206
2025-05-30 17:22:11,Orient RA-AR0005Y10B,1077
2025-05-30 17:22:11,DJI mini 4k,1249
2025-05-30 17:22:11,Seiko SNXS75,599
2025-05-30 17:22:11,G-shock GW-M5610U,397
2025-05-30 17:22:11,Orient Bambino,739
2025-05-30 17:37:52,Orient RA-AR0004S10B,1206
2025-05-30 17:37:52,Orient RA-AR0005Y10B,1077
2025-05-30 17:37:52,DJI mini 4k,1249
2025-05-30 17:37:52,Seiko SNXS75,599
2025-05-30 17:37:52,G-shock GW-M5610U,397
2025-05-30 17:37:52,Orient Bambino,739
2025-05-30 17:49:20,Orient RA-AR0004S10B,1206
2025-05-30 17:49:20,Orient RA-AR0005Y10B,1077
2025-05-30 17:49:20,DJI mini 4k,1249
2025-05-30 17:49:20,Seiko SNXS75,599
2025-05-30 17:49:20,G-shock GW-M5610U,397
2025-05-30 17:49:20,Orient Bambino,739
2025-05-30 18:12:09,Orient RA-AR0004S10B,1206
2025-05-30 18:12:09,Orient RA-AR0005Y10B,1077
2025-05-30 18:12:09,DJI mini 4k,1249
2025-05-30 18:12:09,Seiko SNXS75,599
2025-05-30 18:12:09,G-shock GW-M5610U,397
2025-05-30 18:12:09,Orient Bambino,739
2025-05-30 18:44:30,Orient RA-AR0004S10B,1206
2025-05-30 18:44:30,Orient RA-AR0005Y10B,1077
2025-05-30 18:44:30,DJI mini 4k,1249
2025-05-30 18:44:30,Seiko SNXS75,599
2025-05-30 18:44:30,G-shock GW-M5610U,397
2025-05-30 18:44:30,Orient Bambino,739
2025-05-30 18:57:18,Orient RA-AR0004S10B,1206
2025-05-30 18:57:18,Orient RA-AR0005Y10B,1077
2025-05-30 18:57:18,DJI mini 4k,1249
2025-05-30 18:57:18,Seiko SNXS75,599
2025-05-30 18:57:18,G-shock GW-M5610U,397
2025-05-30 18:57:18,Orient Bambino,739
2025-05-30 19:20:26,Orient RA-AR0004S10B,1206
2025-05-30 19:20:26,Orient RA-AR0005Y10B,1077
2025-05-30 19:20:26,DJI mini 4k,1249
2025-05-30 19:20:26,Seiko SNXS75,599
2025-05-30 19:20:26,G-shock GW-M5610U,397
2025-05-30 19:20:26,Orient Bambino,739
2025-05-30 19:38:33,Orient RA-AR0004S10B,1206
2025-05-30 19:38:33,Orient RA-AR0005Y10B,1077
2025-05-30 19:38:33,DJI mini 4k,1249
2025-05-30 19:38:33,Seiko SNXS75,599
2025-05-30 19:38:33,G-shock GW-M5610U,397
2025-05-30 19:38:33,Orient Bambino,739
2025-05-30 19:50:17,Orient RA-AR0004S10B,1206
2025-05-30 19:50:17,Orient RA-AR0005Y10B,1077
2025-05-30 19:50:17,DJI mini 4k,1249
2025-05-30 19:50:17,Seiko SNXS75,599
2025-05-30 19:50:17,G-shock GW-M5610U,397
2025-05-30 19:50:17,Orient Bambino,739
2025-05-30 20:11:29,Orient Bambino,739
2025-05-30 20:36:58,Orient RA-AR0004S10B,1206
2025-05-30 20:36:58,Orient RA-AR0005Y10B,1077
2025-05-30 20:36:58,DJI mini 4k,1249
2025-05-30 20:36:58,Seiko SNXS75,599
2025-05-30 20:36:58,G-shock GW-M5610U,397
2025-05-30 20:36:58,Orient Bambino,739
2025-05-30 20:51:10,Orient RA-AR0004S10B,1206
2025-05-30 20:51:10,Orient RA-AR0005Y10B,1077
2025-05-30 20:51:10,DJI mini 4k,1249
2025-05-30 20:51:10,Seiko SNXS75,599
2025-05-30 20:51:10,G-shock GW-M5610U,397
2025-05-30 20:51:10,Orient Bambino,739
2025-05-30 21:19:52,Orient RA-AR0004S10B,1206
2025-05-30 21:19:52,Orient RA-AR0005Y10B,1077
2025-05-30 21:19:52,DJI mini 4k,1249
2025-05-30 21:19:52,Seiko SNXS75,599
2025-05-30 21:19:52,G-shock GW-M5610U,397
2025-05-30 21:19:52,Orient Bambino,739
2025-05-30 21:33:54,Orient RA-AR0004S10B,1206
2025-05-30 21:33:54,Orient RA-AR0005Y10B,1077
2025-05-30 21:33:54,DJI mini 4k,1249
2025-05-30 21:33:54,Seiko SNXS75,599
2025-05-30 21:33:54,G-shock GW-M5610U,397
2025-05-30 21:33:54,Orient Bambino,738
2025-05-30 21:47:05,Orient RA-AR0004S10B,1206
2025-05-30 21:47:05,Orient RA-AR0005Y10B,1077
2025-05-30 21:47:05,DJI mini 4k,1249
2025-05-30 21:47:05,Seiko SNXS75,599
2025-05-30 21:47:05,G-shock GW-M5610U,397
2025-05-30 21:47:05,Orient Bambino,738
2025-05-30 21:58:23,Orient RA-AR0004S10B,1206
2025-05-30 21:58:23,Orient RA-AR0005Y10B,1077
2025-05-30 21:58:23,DJI mini 4k,1249
2025-05-30 21:58:23,Seiko SNXS75,599
2025-05-30 21:58:23,G-shock GW-M5610U,397
2025-05-30 21:58:23,Orient Bambino,738
2025-05-30 22:26:33,Orient RA-AR0004S10B,1206
2025-05-30 22:26:33,Orient RA-AR0005Y10B,1077
2025-05-30 22:26:33,DJI mini 4k,1249
2025-05-30 22:26:33,Seiko SNXS75,599
2025-05-30 22:26:33,G-shock GW-M5610U,397
2025-05-30 22:26:33,Orient Bambino,738
2025-05-30 22:44:13,Orient RA-AR0004S10B,1206
2025-05-30 22:44:13,Orient RA-AR0005Y10B,1077
2025-05-30 22:44:13,DJI mini 4k,1249
2025-05-30 22:44:13,Seiko SNXS75,599
2025-05-30 22:44:13,G-shock GW-M5610U,397
2025-05-30 22:44:13,Orient Bambino,738
2025-05-30 22:57:09,DJI mini 4k,1249
2025-05-30 22:57:09,Seiko SNXS75,599
2025-05-30 22:57:09,G-shock GW-M5610U,397
2025-05-30 22:57:09,Orient Bambino,738
2025-05-30 23:24:17,Orient RA-AR0004S10B,1206
2025-05-30 23:24:17,Orient RA-AR0005Y10B,1077
2025-05-30 23:24:17,DJI mini 4k,1249
2025-05-30 23:24:17,Seiko SNXS75,599
2025-05-30 23:24:17,G-shock GW-M5610U,397
2025-05-30 23:24:17,Orient Bambino,738
2025-05-30 23:40:33,Seiko SNXS75,599
2025-05-30 23:40:33,G-shock GW-M5610U,397
2025-05-30 23:40:33,Orient Bambino,738
2025-05-30 23:57:10,G-shock GW-M5610U,397
2025-05-30 23:57:10,Orient Bambino,738
2025-05-31 02:04:06,Orient RA-AR0004S10B,1206
2025-05-31 02:04:06,Orient RA-AR0005Y10B,1077
2025-05-31 02:04:06,DJI mini 4k,1249
2025-05-31 02:04:06,Seiko SNXS75,599
2025-05-31 02:04:06,G-shock GW-M5610U,401
2025-05-31 02:04:06,Orient Bambino,738
2025-05-31 03:16:04,Orient RA-AR0004S10B,1206
2025-05-31 03:16:04,Orient RA-AR0005Y10B,1077
2025-05-31 03:16:04,DJI mini 4k,1249
2025-05-31 03:16:04,Seiko SNXS75,599
2025-05-31 03:16:04,G-shock GW-M5610U,433
2025-05-31 03:16:04,Orient Bambino,738
2025-05-31 03:49:50,Orient RA-AR0004S10B,1206
2025-05-31 03:49:50,Orient RA-AR0005Y10B,1077
2025-05-31 03:49:50,DJI mini 4k,1249
2025-05-31 03:49:50,Seiko SNXS75,599
2025-05-31 03:49:50,G-shock GW-M5610U,433
2025-05-31 03:49:50,Orient Bambino,738
2025-05-31 04:13:38,Orient RA-AR0004S10B,1206
2025-05-31 04:13:38,Orient RA-AR0005Y10B,1077
2025-05-31 04:13:38,DJI mini 4k,1249
2025-05-31 04:13:38,Seiko SNXS75,599
2025-05-31 04:13:38,G-shock GW-M5610U,433
2025-05-31 04:13:38,Orient Bambino,738
